{"cameraMode":{"drawMode":0,"name":"Shaded","section":"Shading Mode"},"sceneLighting":false,"audioPlay":false,"sceneViewState":{"showFog":true,"showMaterialUpdate":false,"showSkybox":false,"showFlares":true,"showImageEffects":true,"showParticleSystems":true},"in2DMode":false,"pivot":{"x":5.405974388122559,"y":24.99033546447754,"z":8.223394393920899},"rotation":{"x":0.3831077516078949,"y":-0.23426446318626405,"z":0.10109685361385346,"w":0.8877682685852051},"size":11.838470458984375,"orthographic":false}