{"cameraMode":{"drawMode":0,"name":"Shaded","section":"Shading Mode"},"sceneLighting":false,"audioPlay":false,"sceneViewState":{"showFog":true,"showMaterialUpdate":false,"showSkybox":false,"showFlares":true,"showImageEffects":true,"showParticleSystems":true},"in2DMode":false,"pivot":{"x":-7.526909828186035,"y":-24.387344360351564,"z":66.62652587890625},"rotation":{"x":0.45955750346183779,"y":-0.1660434603691101,"z":0.08790478110313416,"w":0.8680551052093506},"size":34.40578079223633,"orthographic":false}