{"cameraMode":{"drawMode":0,"name":"Shaded","section":"Shading Mode"},"sceneLighting":false,"audioPlay":false,"sceneViewState":{"showFog":true,"showMaterialUpdate":false,"showSkybox":false,"showFlares":true,"showImageEffects":true,"showParticleSystems":true},"in2DMode":false,"pivot":{"x":0.021860111504793168,"y":0.74582839012146,"z":42.71333694458008},"rotation":{"x":0.7422330975532532,"y":-0.0010052088182419539,"z":0.001113347359932959,"w":0.6701391935348511},"size":26.37542152404785,"orthographic":true}