{"cameraMode":{"drawMode":0,"name":"Shaded","section":"Shading Mode"},"sceneLighting":false,"audioPlay":false,"sceneViewState":{"showFog":true,"showMaterialUpdate":false,"showSkybox":false,"showFlares":true,"showImageEffects":true,"showParticleSystems":true},"in2DMode":false,"pivot":{"x":-5.372641563415527,"y":-31.850872039794923,"z":36.92683792114258},"rotation":{"x":0.45661860704421999,"y":-0.046669092029333118,"z":0.023994354531168939,"w":0.8881149888038635},"size":29.189777374267579,"orthographic":false}