{"cameraMode":{"drawMode":0,"name":"Shaded","section":"Shading Mode"},"sceneLighting":false,"audioPlay":false,"sceneViewState":{"showFog":true,"showMaterialUpdate":false,"showSkybox":false,"showFlares":true,"showImageEffects":true,"showParticleSystems":true},"in2DMode":false,"pivot":{"x":0.18685229122638703,"y":17.59143829345703,"z":69.60273742675781},"rotation":{"x":0.2891910970211029,"y":-0.01005079410970211,"z":0.003036999376490712,"w":0.95721435546875},"size":22.128814697265626,"orthographic":false}