{"cameraMode":{"drawMode":0,"name":"Shaded","section":"Shading Mode"},"sceneLighting":false,"audioPlay":false,"sceneViewState":{"showFog":true,"showMaterialUpdate":false,"showSkybox":false,"showFlares":true,"showImageEffects":true,"showParticleSystems":true},"in2DMode":false,"pivot":{"x":-0.7112969756126404,"y":-4.698297023773193,"z":87.70064544677735},"rotation":{"x":0.14883513748645783,"y":-0.01038263738155365,"z":0.0015619021141901613,"w":0.9888091087341309},"size":28.904720306396486,"orthographic":false}